A15,A14,A13,A12,A11,A10,A9,A8,A7,A6,A5,A4,A3,A2,A1,approval
0,202,g,f,1,t,t,1.25,v,w,g,u,0,30.83,b,+
560,43,g,f,6,t,t,3.04,h,q,g,u,4.46,58.67,a,+
824,280,g,f,0,f,t,1.5,h,q,g,u,0.5,24.5,a,+
3,100,g,t,5,t,t,3.75,v,w,g,u,1.54,27.83,b,+
0,120,s,f,0,f,t,1.71,v,w,g,u,5.625,20.17,b,+
0,360,g,t,0,f,t,2.5,v,m,g,u,4,32.08,b,+
31285,164,g,t,0,f,t,6.5,h,r,g,u,1.04,33.17,b,+
1349,80,g,f,0,f,t,0.04,v,cc,g,u,11.585,22.92,a,+
314,180,g,f,0,f,t,3.96,h,k,p,y,0.5,54.42,b,+
1442,52,g,t,0,f,t,3.165,v,w,p,y,4.915,42.5,b,+
0,128,g,t,0,f,f,2.165,h,c,g,u,0.83,22.08,b,+
200,260,g,f,0,f,t,4.335,h,c,g,u,1.835,29.92,b,+
0,0,g,t,0,f,t,1,v,k,g,u,6,38.25,a,+
2690,0,g,f,0,f,f,0.04,v,k,g,u,6.04,48.08,b,+
0,0,g,t,7,t,t,5,v,q,g,u,10.5,45.83,a,+
0,320,g,t,10,t,t,0.25,v,k,p,y,4.415,36.67,b,+
0,396,g,t,3,t,t,0.96,v,m,g,u,0.875,28.25,b,+
245,120,g,f,10,t,t,3.17,v,q,g,u,5.875,23.25,a,+
0,0,g,t,0,f,t,0.665,h,d,g,u,0.25,21.83,b,+
0,96,g,f,7,t,t,0.75,h,cc,g,u,8.585,19.17,a,+
1208,200,g,f,17,t,t,2.5,v,c,g,u,11.25,25,b,+
0,300,s,f,0,f,t,0.835,v,c,g,u,1,23.25,b,+
1260,0,g,t,6,t,t,7.875,v,c,g,u,8,47.75,a,+
11,120,g,f,1,t,t,3.085,h,x,g,u,14.5,27.42,a,+
0,145,g,t,3,t,t,0.5,v,q,g,u,6.5,41.17,a,+
0,100,g,f,2,t,t,1.5,h,c,g,u,0.585,15.83,a,+
0,0,g,t,9,t,t,5.165,bb,i,g,u,13,47,a,+
0,0,g,t,17,t,t,15,bb,d,g,u,18.5,56.58,b,+
0,0,g,f,3,t,t,7,h,e,g,u,8.5,57.42,b,+
10000,500,g,t,6,t,t,5,v,w,g,u,1.04,42.08,b,+
0,168,g,t,5,t,t,5.04,v,aa,g,u,14.79,29.25,b,+
0,0,g,f,8,t,t,7.96,h,x,g,u,9.79,42,b,+
5000,0,g,t,15,t,t,7.585,bb,i,g,u,7.585,49.5,b,+
4000,0,g,t,0,f,t,5,v,e,g,u,5.125,36.75,a,+
560,0,g,t,5,t,t,0.415,v,q,g,u,10.75,22.58,a,+
35,434,g,t,11,t,t,2,v,w,g,u,1.5,27.83,b,+
713,583,g,t,12,t,t,1.835,h,cc,g,u,1.585,27.25,b,+
551,300,g,t,2,t,t,0.5,h,x,g,u,11.75,23,a,+
500,260,g,f,2,t,t,0.25,v,cc,p,y,0.585,27.75,b,+
300,30,g,t,11,t,t,14.415,ff,ff,g,u,9.415,54.58,b,+
221,0,g,t,12,t,t,4.5,v,c,g,u,9.17,34.17,b,+
2283,0,g,f,11,t,t,5.335,h,c,g,u,15,28.92,b,+
100,240,g,f,1,t,t,0.75,h,w,g,u,1.415,29.67,b,+
0,70,g,t,6,t,t,8.625,v,w,g,u,13.915,39.58,b,+
15,0,g,f,40,t,t,28.5,v,c,p,y,28,56.42,b,+
284,0,g,t,11,t,t,2.625,h,c,g,u,6.75,54.33,b,+
1236,455,g,t,23,t,t,0.125,h,q,p,y,2.04,41,a,+
300,311,g,f,3,t,t,6.04,h,cc,g,u,4.46,31.92,b,+
0,216,g,f,0,f,f,3.5,bb,i,g,u,1.54,41.5,b,+
0,100,g,f,0,f,f,0.165,v,c,g,u,0.665,23.92,b,+
0,491,g,t,0,f,t,0.875,h,c,g,u,0.5,25.75,a,+
0,280,g,t,0,f,t,1.75,v,q,g,u,1,26,b,+
5800,400,g,t,0,f,t,0.04,v,w,g,u,2.04,37.42,b,+
200,239,g,t,0,f,t,0,v,w,g,u,2.5,34.92,b,+
0,0,g,t,0,f,t,7.415,h,cc,g,u,3,34.25,b,+
300,160,g,t,0,f,t,0.835,v,w,p,y,11.625,23.33,b,+
0,0,g,f,0,f,t,0.085,v,cc,g,u,0,23.17,b,+
0,320,g,t,0,f,t,5,h,i,g,u,0.5,44.33,b,+
0,711,s,t,0,f,f,5.75,h,x,g,u,4.5,35.17,b,+
0,80,g,f,11,t,t,6,h,q,g,u,3,43.25,b,+
0,200,g,t,4,t,t,1.25,v,m,g,u,12.25,56.75,b,+
730,250,g,f,9,t,t,3,v,d,g,u,16.165,31.67,b,+
400,80,g,t,2,t,t,1.5,v,q,p,y,0.79,23.42,a,+
0,0,g,f,1,t,t,1.585,v,q,g,u,0.835,20.42,a,+
0,120,g,t,1,t,t,4.29,v,cc,g,u,4.25,26.67,b,+
50000,520,g,t,1,t,t,1.54,v,cc,g,u,1.54,34.17,b,+
456,0,g,f,11,t,t,2,v,c,g,u,1,36,a,+
15108,260,g,f,3,t,t,0.25,v,m,g,u,0.375,25.5,b,+
2954,80,g,f,7,t,t,1.46,h,w,g,u,6.5,19.42,b,+
500,515,g,t,1,t,t,1.625,h,x,g,u,25.125,35.17,b,+
0,420,s,t,0,f,t,1.585,bb,e,g,u,7.5,32.33,b,-
0,,g,t,0,f,t,12.5,bb,d,g,u,4,34.83,b,-
0,980,g,t,0,f,t,13.5,v,cc,g,u,5,38.58,a,-
0,400,s,f,0,f,t,10.75,v,m,g,u,0.5,44.25,b,-
2,160,g,f,0,f,f,1.625,v,c,p,y,7,44.83,b,-
0,160,g,f,1,t,t,0.375,v,q,g,u,5.29,20.67,b,-
0,443,g,t,0,f,t,0.125,v,aa,g,u,6.5,34.08,b,-
0,160,g,t,0,f,t,0.585,v,aa,p,y,0.585,19.17,a,-
20,180,g,f,1,t,t,2.5,v,k,p,y,1.165,21.67,b,-
0,140,g,f,0,f,t,0.25,v,c,g,u,9.75,21.5,b,-
0,94,g,f,1,t,t,0,ff,ff,g,u,19,49.58,b,-
0,368,s,f,0,f,t,2,v,m,g,u,1.5,27.67,a,-
0,288,s,f,0,f,t,0.25,v,m,g,u,0.5,39.83,b,-
0,300,g,t,0,f,t,3,v,d,g,u,3.5,,a,-
0,200,g,t,0,f,t,0.455,v,aa,g,u,0.625,27.25,b,-
0,280,s,t,0,f,t,5,bb,c,g,u,4,37.17,b,-
0,928,s,t,0,f,t,0.875,v,d,g,u,0.375,,b,-
0,188,g,f,0,f,t,4,v,aa,p,y,2.21,25.67,b,-
0,240,g,t,0,f,t,1,v,aa,g,u,4.5,34,b,-
27,100,g,t,0,f,t,0,j,j,g,u,1.5,49,a,-
0,112,g,f,0,f,t,5,h,c,p,y,12.75,62.5,b,-
0,120,g,f,0,f,t,0.5,v,c,g,u,15.5,31.42,b,-
0,0,g,f,0,f,t,8.5,v,aa,p,y,5,,b,-
100,200,g,t,0,f,t,9.46,h,c,p,y,1.375,52.33,b,-
225,0,g,t,0,f,t,1.5,v,c,p,y,1.5,28.75,b,-
0,171,g,t,0,f,t,0.5,bb,i,g,u,3.54,28.58,a,-
1,180,g,f,0,f,t,0.125,v,aa,p,y,0.625,23,b,-
0,320,s,t,0,f,t,0.835,bb,c,g,u,0.5,,b,-
0,268,g,t,0,f,t,3,v,q,p,y,11,22.5,a,-
500,167,g,t,2,t,t,1,v,q,g,u,1,28.5,a,-
400,164,g,t,0,f,t,0.25,bb,c,p,y,1.75,37.5,b,-
0,80,g,f,0,f,t,4,v,c,p,y,16.5,35.25,b,-
38,0,g,f,2,t,t,0.375,v,q,g,u,5,18.67,b,-
5,120,g,t,2,t,t,2.25,v,k,g,u,12,25,b,-
0,75,g,t,2,t,t,5.75,h,i,p,y,4,27.83,b,-
130,152,g,f,20,t,t,0,z,e,g,u,15.5,54.83,b,-
0,280,s,f,0,f,t,0.5,v,k,g,u,1.165,28.75,b,-
0,120,g,f,0,f,t,4.5,v,aa,p,y,11,25,a,-
0,176,g,t,0,f,t,10,h,x,p,y,2.25,40.92,b,-
5,140,g,t,5,t,t,0.795,v,c,g,u,0.75,19.75,a,-
0,329,g,t,3,t,t,3.5,v,w,g,u,3.5,29.17,b,-
147,180,g,f,3,t,t,0.5,ff,ff,p,y,1.04,24.5,a,-
0,260,g,t,0,f,t,0.875,v,w,g,u,12.5,24.58,b,-
0,212,g,t,3,t,t,1,bb,k,g,u,0.75,33.75,a,-
210,140,g,t,3,t,t,1.375,h,c,p,y,1.25,20.67,b,-
0,200,g,f,2,t,t,1.29,v,q,g,u,1.125,25.42,a,-
5,300,g,t,7,t,t,11.5,h,q,g,u,7,37.75,b,-
11202,0,g,f,15,t,t,6.29,v,k,g,u,6.5,52.5,b,+
1332,360,g,t,6,t,t,14,v,m,g,u,7.04,57.83,b,+
50,80,g,t,1,t,t,0.335,h,cc,g,u,10.335,20.75,a,+
300,200,g,f,1,t,t,0.04,v,q,g,u,6.21,39.92,b,+
258,140,g,t,67,t,t,1.21,v,cc,g,u,12.5,25.67,b,+
567,120,g,t,12,t,t,1.5,v,aa,g,u,12.5,24.75,a,+
0,0,g,t,3,t,t,7.375,v,q,g,u,6.665,44.17,a,+
0,120,g,t,5,t,t,8.5,v,q,g,u,9,23.5,a,+
1000,0,g,t,6,t,t,7.5,h,x,g,u,5,34.92,b,+
2510,410,g,t,12,t,t,2.5,bb,m,g,u,2.5,47.67,b,+
809,100,g,t,7,t,t,2.5,v,q,g,u,11,22.75,b,+
610,274,g,f,2,t,t,3.25,bb,i,g,u,4.25,34.42,b,+
0,280,s,f,0,f,t,0.835,v,w,g,u,3.5,28.42,a,+
0,0,g,t,1,t,t,13,z,e,g,u,5.5,67.75,b,+
150,100,g,f,1,t,t,2.25,v,c,g,u,1.835,20.42,b,+
51100,375,g,f,6,t,t,6.5,bb,e,g,u,8,47.42,a,+
367,0,g,f,6,t,t,2.5,bb,c,g,u,5,36.25,b,+
1000,408,g,t,12,t,t,5.5,h,q,g,u,5.5,32.67,b,+
0,350,g,t,0,f,t,6,h,q,g,u,6.5,48.58,b,+
1000,200,g,f,3,t,t,0.5,v,aa,p,y,0.54,39.92,b,+
0,204,g,f,6,t,t,4.25,v,m,g,u,2.75,33.58,b,+
600,40,g,t,6,t,t,1.625,v,w,g,u,9.5,18.83,a,+
5000,0,g,f,2,t,t,5,h,q,g,u,13.5,26.92,a,+
0,181,g,t,9,t,t,0.625,h,cc,g,u,3.75,31.25,a,+
247,0,g,f,15,t,t,0,ff,j,g,u,16,56.5,a,+
375,100,g,f,8,t,t,1.75,h,cc,p,y,0.29,43,b,+
278,80,g,f,1,t,t,2,v,w,g,u,11,22.33,b,+
827,399,g,f,9,t,t,5.085,h,cc,g,u,1.665,27.25,b,+
2072,160,g,f,6,t,t,2.75,h,cc,g,u,2.5,32.83,b,+
582,0,g,t,3,t,t,2.375,v,q,g,u,1.5,23.25,b,+
2300,0,g,f,14,t,t,8,h,q,p,y,7.54,40.33,a,+
3065,0,g,t,7,t,t,4,bb,c,g,u,6.5,30.5,a,+
2200,0,g,f,14,t,t,5.5,v,c,g,u,15,52.83,a,+
6,440,g,t,11,t,t,0.415,h,cc,g,u,0.46,46.67,a,+
1602,0,g,f,14,t,t,4,v,q,g,u,10,58.33,a,+
0,93,g,t,12,t,t,4.25,h,m,g,u,6.5,37.33,b,+
2184,60,g,t,11,t,t,1.085,v,c,g,u,2.5,23.08,b,+
0,0,g,t,3,t,t,5.5,h,cc,g,u,1.5,32.75,b,+
0,0,g,t,11,t,t,0,j,j,p,y,11.5,21.67,a,+
0,70,g,f,1,t,t,2.54,h,x,p,y,3.04,28.5,a,+
3376,0,g,f,14,t,t,0,z,e,g,u,15,68.67,a,+
0,181,g,t,2,t,t,4.165,h,k,g,u,2,28,b,+
2000,280,g,t,1,t,t,0.04,bb,m,p,y,0.08,34.08,b,+
7544,140,g,f,4,t,t,1,h,x,g,u,2,27.67,b,+
15,0,g,t,2,t,t,1.75,v,m,g,u,2,44,b,+
20,395,g,t,1,t,t,1.665,v,x,g,u,1.71,25.08,b,+
0,393,g,t,0,f,t,0.04,h,e,p,y,1.75,32,b,+
10561,21,g,t,0,f,t,11,v,q,g,u,16.5,60.58,a,+
837,29,g,f,0,f,t,1.75,h,q,g,u,10,40.83,a,+
400,60,g,t,0,f,t,1,v,q,g,u,9.5,19.33,b,+
11177,440,g,f,0,f,t,0.04,v,cc,g,u,0.54,32.33,a,+
639,102,g,t,0,f,t,9,h,q,g,u,3.25,36.67,b,+
0,431,g,t,0,f,f,1.5,v,d,p,y,1.125,37.5,b,+
0,370,g,t,0,f,t,0.25,v,aa,p,y,2.54,25.08,a,+
0,0,g,f,0,f,t,15,bb,c,g,u,0,41.33,b,+
2028,24,g,t,0,f,t,8,h,k,g,u,12.5,56,b,+
0,0,g,t,0,f,t,8.5,h,k,g,u,13.585,49.83,a,+
0,100,g,f,0,f,t,1.335,h,q,g,u,10.5,22.67,b,+
1065,260,g,t,0,f,t,0.375,v,w,p,y,1.5,27,b,+
0,20,s,t,0,f,t,3,v,aa,g,u,12.5,25,b,+
150,160,g,f,0,f,t,1.415,v,aa,g,u,8.665,26.08,a,+
540,60,g,f,4,t,t,1.21,v,q,g,u,9.25,18.42,a,+
158,60,g,f,14,t,t,1.96,v,aa,g,u,8.17,20.17,b,+
15000,0,g,f,20,t,t,15,bb,c,g,u,0.29,47.67,b,+
0,80,s,f,4,t,t,0.5,bb,i,g,u,2.335,21.25,a,+
6,100,g,f,3,t,t,0.165,v,q,g,u,3,20.67,a,+
3000,0,g,f,7,t,t,5.5,v,c,g,u,19.5,57.08,a,+
3257,129,g,f,7,t,t,2.585,v,q,g,u,5.665,22.42,a,+
1655,181,g,f,9,t,t,12.5,h,c,g,u,8.5,48.75,b,+
500,0,g,f,1,t,t,3.5,bb,aa,g,u,6.5,40,b,+
3065,0,g,f,7,t,t,5,v,c,g,u,5,40.58,b,+
1430,300,g,t,5,t,t,2.5,v,c,g,u,1.04,28.67,a,+
0,0,g,f,2,t,t,1.625,h,q,g,u,4.625,33.08,a,+
0,0,g,t,0,f,t,3,v,c,g,u,10.5,21.33,b,+
0,400,g,f,0,f,t,5.125,h,i,g,u,0.205,42,b,+
600,510,g,f,0,f,t,2.5,v,x,g,u,0.96,41.75,b,+
0,80,g,f,6,t,t,3.085,v,w,p,y,1.585,22.67,b,+
0,195,g,t,7,t,t,8.5,bb,i,p,y,4.04,34.5,b,+
7,144,g,t,8,t,t,1.5,bb,c,p,y,5.04,28.25,b,+
0,380,g,t,3,t,t,3.165,v,x,p,y,3.165,33.17,b,+
790,0,g,f,12,t,t,15.5,h,w,g,u,7.625,48.17,b,+
560,370,g,t,3,t,t,2,v,aa,p,y,2.04,27.58,b,+
396,60,g,f,9,t,t,0.04,v,x,g,u,10.04,22.58,b,+
678,0,g,f,1,t,t,1.25,h,q,g,u,0.5,24.08,a,+
300,0,g,t,0,f,t,2.25,bb,i,g,u,1,41.33,a,+
600,,g,f,6,t,t,2.25,v,c,g,u,2.75,24.83,b,+
0,49,g,t,2,t,t,0.71,v,q,g,u,10.25,20.75,a,+
1187,50,g,f,1,t,t,0.085,v,w,p,y,2.125,36.33,b,+
6590,0,g,f,8,t,t,14,h,q,g,u,12,35.42,a,+
0,,p,f,0,f,f,0,,,,,0,71.58,a,+
168,381,g,f,6,t,t,5.665,h,q,g,u,9.335,28.67,b,+
1270,150,g,f,7,t,t,4.5,v,k,g,u,2.5,35.17,b,+
1210,117,g,f,16,t,t,6.5,bb,c,g,u,4.25,39.5,b,+
0,399,g,t,14,t,t,10,h,cc,g,u,5.875,39.33,b,+
0,100,s,t,0,f,t,5.5,v,d,p,y,6.625,24.33,b,+
1000,0,g,t,15,t,t,18,ff,ff,g,u,14.5,60.08,b,+
742,56,g,f,9,t,t,3.5,v,i,g,u,11.5,23.08,b,+
0,211,g,f,1,t,t,5.25,v,cc,p,y,2.71,26.67,b,+
0,230,s,f,0,f,t,3.5,v,aa,g,u,3.5,48.17,b,+
0,320,g,f,8,t,t,7,h,cc,g,u,4.04,41.17,b,+
8851,0,g,f,5,t,t,5,ff,ff,g,u,11.5,55.92,b,+
0,0,g,f,5,t,t,8.665,v,e,g,u,9.625,53.92,b,+
500,80,g,t,4,t,t,1,v,c,p,y,9.25,18.92,a,+
0,156,g,t,3,t,t,2.29,v,aa,g,u,12.54,50.08,a,+
0,22,g,t,7,t,t,20,z,e,g,u,11,65.42,b,+
0,0,g,t,0,f,t,1.375,v,aa,g,u,9,17.58,a,+
0,100,g,f,0,f,t,0.085,v,aa,g,u,9.54,18.83,a,+
0,228,g,t,0,f,t,0.125,v,q,g,u,5.5,37.75,a,+
0,160,g,t,0,f,t,0.25,bb,c,g,u,4,23.25,b,+
0,80,g,f,0,f,t,0.5,v,k,g,u,5.5,18.08,b,+
0,164,g,f,0,f,f,2.46,v,x,p,y,8.46,22.5,a,+
0,80,g,t,2,t,t,2,v,q,g,u,0.375,19.67,b,+
0,100,g,f,0,f,t,0.665,v,cc,g,u,11,22.08,b,+
7059,0,g,f,7,t,t,0.625,v,cc,g,u,3.5,25.17,b,+
1704,519,g,t,2,t,t,13.875,v,x,g,u,3,47.42,a,+
857,253,g,t,4,t,t,4.5,h,x,g,u,1.75,33.5,b,+
500,487,g,t,0,f,t,5.75,v,w,g,u,13.75,27.67,b,+
6700,0,g,f,13,t,t,10,bb,i,g,u,21,58.42,a,+
2503,220,g,f,5,t,t,2.085,v,q,g,u,1.835,20.67,a,+
0,0,g,t,0,f,t,0,bb,i,g,u,0.25,26.17,b,+
9800,80,g,f,1,t,t,1.415,v,aa,g,u,7.5,21.33,b,+
0,0,s,f,0,f,t,4.58,v,q,g,u,4.625,42.83,b,+
196,520,g,f,6,t,t,2.5,v,x,g,u,10.125,38.17,b,+
0,40,s,f,0,f,t,2.5,v,c,p,y,10,20.5,b,+
14,120,g,f,3,t,t,1.75,v,w,g,u,25.085,48.25,b,+
0,70,g,t,0,f,t,11,v,w,g,u,5,28.33,b,+
26726,,g,f,5,t,t,2.71,v,q,g,u,7.5,18.75,a,+
300,120,g,f,2,t,t,1.5,v,i,g,u,2,18.5,b,+
18027,180,g,t,1,t,t,2.04,h,c,p,y,3.04,33.17,b,+
2000,88,g,t,1,t,t,14,h,cc,g,u,8.5,45,b,+
99,80,g,f,11,t,t,0.29,h,q,g,u,0.21,19.67,a,+
444,73,g,f,2,t,t,4.75,bb,c,g,u,12.75,24.5,,+
0,121,g,f,6,t,t,0.29,v,x,g,u,11,21.83,b,+
1200,0,g,f,11,t,t,20,z,e,g,u,21.5,40.25,b,+
0,470,g,t,6,t,t,5,h,q,g,u,5,41.42,b,+
3000,0,g,f,11,t,t,1,h,x,g,u,11,17.83,a,+
0,100,g,f,1,t,t,0.46,h,x,g,u,11.125,23.17,b,+
2010,380,g,f,0,f,f,0.25,v,k,g,u,0.625,,b,-
13,320,g,f,0,f,f,1.085,h,c,g,u,10.25,18.17,b,-
0,136,g,t,0,f,f,2,v,c,g,u,11.045,20,b,-
0,144,g,f,0,f,f,0.5,v,d,g,u,0,20,b,-
1000,200,g,f,0,f,f,0.04,v,i,g,u,9.54,20.75,a,-
0,132,g,f,0,f,f,0.165,v,c,p,y,1.75,24.5,a,-
0,292,g,t,0,f,f,5.75,h,d,g,u,2.335,32.75,b,-
0,0,g,f,0,f,f,0,ff,ff,p,y,0,52.17,a,-
120,0,g,f,0,f,f,0.335,o,i,g,u,1.335,48.17,a,-
32,154,g,t,0,f,f,0,h,x,p,y,10.5,20.42,a,-
0,145,g,f,0,f,f,0,ff,ff,g,u,0.585,50.75,b,-
722,140,g,f,0,f,f,0.04,v,c,p,y,0.085,17.08,b,-
0,100,g,f,0,f,f,0,dd,e,p,y,1.21,18.33,b,-
0,272,g,f,0,f,f,1.25,v,d,g,u,6,32,a,-
0,260,g,t,0,f,t,0.125,v,q,g,u,1.54,59.67,b,+
40,200,g,f,0,f,f,0.21,n,q,g,u,0.165,18,b,+
0,,p,f,0,f,f,0,,,,,0,37.58,b,+
0,280,g,t,0,f,f,1.25,v,c,g,u,2.5,32.33,b,-
0,140,g,f,0,f,f,0.04,v,m,p,y,6.75,18.08,b,-
0,160,g,f,0,f,f,0.125,v,k,p,y,10.125,38.25,b,-
0,340,s,t,0,f,f,2.25,h,cc,g,u,2.5,30.67,b,-
0,120,g,f,0,f,f,0.54,v,d,g,u,5.71,18.58,b,-
484,80,g,f,0,f,f,0.29,h,i,g,u,5.415,19.17,a,-
0,340,g,f,0,f,f,0.165,h,q,p,y,10,18.17,a,-
0,,g,f,0,f,f,0,ff,ff,p,y,13.5,24.58,b,-
0,200,s,f,0,f,t,0.085,v,m,g,u,0.835,16.25,b,-
204,280,g,f,0,f,f,0.25,h,c,p,y,0.875,21.17,b,-
1,240,g,f,0,f,f,0.125,h,cc,p,y,0.585,23.92,b,-
0,80,s,f,0,f,f,0.25,v,c,g,u,4.46,17.67,b,-
98,108,g,f,1,t,f,0.25,v,q,g,u,1.25,16.5,a,-
5552,0,g,f,2,t,f,0.125,v,c,g,u,12.625,23.25,b,-
1,120,g,f,1,t,f,0.165,h,w,g,u,10,17.58,b,-
105,200,g,t,2,t,f,0,ff,ff,g,u,1.5,,a,-
2803,340,g,f,1,t,f,0.29,v,w,g,u,0.58,29.5,b,-
1,200,g,f,1,t,f,0.165,v,c,p,y,0.415,18.83,b,-
0,160,g,f,0,f,f,0,j,j,p,y,1.75,21.75,a,-
0,320,s,t,0,f,f,0.5,v,m,g,u,0.75,23,b,-
1,120,g,f,1,t,f,1,v,w,g,u,10,18.25,a,-
444,272,g,f,1,t,f,0.165,v,w,g,u,0.54,25.42,b,-
1,220,g,f,2,t,f,0.125,v,w,g,u,2.415,35.75,b,-
126,160,g,f,1,t,f,0,ff,ff,g,u,0.335,16.08,a,-
4,200,g,t,2,t,f,3.04,ff,ff,g,u,3.125,31.92,a,-
6,70,g,f,1,t,f,4,ff,ff,g,u,9,69.17,b,-
0,720,g,t,2,t,f,1.75,v,aa,g,u,2.5,32.92,b,-
21,80,g,f,1,t,f,0.665,v,aa,g,u,2.75,16.33,b,-
173,180,g,t,2,t,f,3.335,v,c,g,u,12.125,22.17,b,-
10,0,g,f,1,t,f,6.5,ff,ff,g,u,2,57.58,a,-
0,280,s,t,0,f,f,0.25,v,d,g,u,0.165,18.25,b,-
0,280,s,t,0,f,f,0.5,v,c,g,u,1,23.42,b,-
0,120,g,f,0,f,f,0.085,v,q,g,u,2.875,15.92,a,-
1,280,g,f,0,f,f,1.5,h,q,g,u,13.665,24.75,a,-
0,0,g,t,0,f,t,0,ff,ff,p,y,26.335,48.75,b,-
25,160,g,f,0,f,f,4.5,ff,ff,g,u,2.75,23.5,b,-
0,80,g,f,0,f,f,0.415,ff,ff,g,u,10.29,18.58,b,-
0,140,s,t,0,f,f,0.25,h,k,g,u,1.29,27.75,b,-
20,160,g,f,0,f,f,0,j,j,p,y,3,31.75,a,-
6,360,g,t,0,f,f,1,v,w,g,u,4.5,24.83,a,-
6,112,g,t,0,f,f,2.335,v,c,p,y,1.75,19,b,-
1,200,g,f,0,f,f,0.125,v,aa,g,u,0.21,16.33,a,-
42,80,g,f,0,f,f,0.415,v,d,g,u,10,18.58,a,-
0,60,g,f,0,f,f,0.25,v,aa,p,y,0,16.25,b,-
0,320,s,t,0,f,t,0.5,v,m,g,u,0.75,23,b,-
204,280,g,f,0,f,f,0.25,h,c,p,y,0.25,21.17,b,-
100000,450,p,t,0,f,f,0,o,ff,gg,l,22,17.5,b,+
1,500,s,t,0,f,f,0,bb,m,p,y,0,19.17,b,+
113,232,g,t,0,f,f,1.5,v,c,p,y,0.125,36.75,b,+
8,150,g,f,0,f,f,1.5,v,w,g,u,1.5,21.25,b,+
0,300,s,t,0,f,f,10,ff,cc,gg,l,0.375,18.08,a,+
44,300,g,f,0,f,f,0.375,v,cc,g,u,0.375,33.67,a,+
2732,380,g,f,11,t,t,0.25,v,k,p,y,0.205,48.58,b,+
0,120,g,f,0,f,f,1.165,v,w,g,u,1.25,33.67,b,-
13,280,g,f,0,f,f,1,v,x,p,y,1.085,29.5,a,-
179,170,g,f,0,f,f,0.04,v,c,p,y,1.085,30.17,b,-
0,1160,s,f,0,f,f,0.5,bb,i,g,u,3.5,40.83,,-
0,200,s,f,0,f,f,3,v,w,p,y,2.5,34.83,b,-
0,411,g,t,0,f,f,0.085,v,i,p,y,4,,b,-
0,,p,f,0,f,f,0,,,,,0,20.42,b,-
2,0,g,t,0,f,f,2.5,v,c,p,y,2.5,33.25,a,-
16,460,g,f,0,f,f,1,v,c,g,u,2.5,34.08,b,-
1062,180,g,t,0,f,f,1,v,d,g,u,12.5,25.25,a,-
0,348,g,f,0,f,f,0.5,bb,cc,g,u,2.5,34.75,b,-
251,220,g,t,0,f,f,0.165,h,q,g,u,0.75,27.67,b,-
228,0,g,t,0,f,f,1,v,c,g,u,6.5,47.33,b,-
0,160,g,t,0,f,f,0.5,h,i,p,y,1.25,34.83,a,-
0,180,g,f,0,f,f,2,v,aa,p,y,3,33.25,a,-
67,300,g,t,0,f,f,0.75,v,w,g,u,3,28,b,-
0,480,g,f,0,f,f,3,v,c,g,u,4,39.08,a,-
100,108,g,f,0,f,f,0.04,v,aa,g,u,4.085,42.75,b,-
4000,640,g,t,0,f,f,0.5,bb,i,g,u,2.25,26.92,b,-
0,180,g,f,0,f,f,0,bb,i,g,u,2.75,33.75,b,-
2,300,g,t,0,f,f,0.5,v,k,g,u,1.75,38.92,b,-
12,0,g,f,0,f,f,0,z,e,g,u,7,62.75,b,-
122,372,g,t,0,f,f,0.25,v,c,g,u,1.5,32.25,,-
1210,200,g,f,0,f,f,2.5,bb,c,p,y,4.5,26.75,b,-
0,180,g,t,3,t,t,0.585,v,c,g,u,0.54,63.33,b,-
3,100,g,t,1,t,f,2.25,v,w,g,u,1.5,27.83,b,-
1,276,g,t,0,f,f,0,j,j,g,u,2,26.17,a,-
0,100,g,f,0,f,f,0,ff,ff,p,y,0.585,22.17,b,-
4000,0,g,t,0,f,f,1.5,v,m,p,y,11.5,22.5,b,-
0,0,s,t,0,f,f,0.585,v,d,g,u,1.585,30.75,b,-
0,221,g,t,0,f,f,0.25,v,i,g,u,2,36.67,b,-
1,320,g,t,2,t,f,1,v,aa,g,u,0.165,16,a,-
0,168,g,f,0,f,f,0.165,v,d,g,u,1.335,41.17,b,-
0,380,g,t,0,f,f,0.04,v,q,g,u,0.165,19.5,a,-
0,120,g,t,0,f,f,0.165,v,d,g,u,3,32.42,b,-
0,160,g,f,0,f,f,0,ff,ff,g,u,4.71,36.75,a,-
0,100,s,t,0,f,f,5.5,v,k,g,u,5.5,30.25,a,-
4208,100,g,t,0,f,f,0.085,ff,ff,g,u,2.5,23.08,b,-
0,100,g,f,0,f,f,0,ff,k,g,u,0.54,26.83,b,-
0,200,s,f,0,f,f,0.29,v,k,p,y,0.335,16.92,b,-
1300,320,g,f,2,t,f,0.165,dd,e,g,u,2,24.42,b,-
112,352,g,t,1,t,f,13.875,v,m,g,u,1.25,42.83,b,-
1000,220,g,f,0,f,f,0.165,v,aa,g,u,6.165,22.75,a,-
0,400,s,f,0,f,f,0.165,v,m,p,y,1.71,39.42,b,-
16,20,g,t,0,f,f,3,h,k,p,y,11.5,23.58,a,-
2,132,g,t,0,f,f,0.75,n,r,p,y,0.75,21.42,b,-
0,280,g,t,0,f,f,7,v,w,p,y,2.5,33,b,-
1110,140,g,t,0,f,f,0,dd,e,g,u,13,26.33,b,-
0,240,s,t,0,f,f,1,h,k,g,u,4.585,45,a,-
0,100,g,f,0,f,f,0.125,v,w,g,u,1.54,26.25,b,-
1004,260,g,f,0,f,f,0.04,v,aa,g,u,0.585,28.17,,-
0,260,g,f,0,f,f,1,dd,e,p,y,0.5,20.83,a,-
286,0,g,f,0,f,f,0.125,v,d,g,u,14.5,28.67,b,-
0,240,s,t,0,f,f,2,v,c,p,y,0.835,20.67,b,-
4500,440,g,t,0,f,f,0.125,bb,i,g,u,1.335,34.42,b,-
0,420,s,t,0,f,f,4,bb,i,g,u,0.25,33.58,b,-
0,141,g,t,0,f,f,2.25,bb,i,g,u,5,43.17,b,-
0,160,g,f,0,f,f,0.165,v,c,g,u,7,22.67,a,-
456,200,g,f,0,f,f,4.5,bb,i,p,y,2.5,24.33,a,-
4,0,g,t,0,f,f,5,ff,ff,p,y,4.25,56.83,a,-
1212,100,g,t,0,f,f,1.585,v,k,g,u,11.46,22.08,b,-
0,60,g,t,0,f,f,1.5,v,c,p,y,5.5,34,b,-
67,120,g,t,0,f,f,0.54,v,aa,p,y,1.5,22.58,b,-
0,0,s,t,0,f,f,0.5,v,c,g,u,0,21.17,b,-
0,178,g,t,0,f,f,0,bb,i,g,u,14.585,26.67,b,-
0,0,s,f,0,f,f,0.085,v,m,g,u,0.17,22.92,b,-
0,600,g,f,0,f,f,1,v,e,g,u,7,15.17,b,-
0,550,g,f,0,f,f,0.21,bb,i,g,u,5,39.92,b,-
0,720,g,t,0,f,f,0.25,bb,aa,g,u,12.5,27.42,b,-
1,120,g,t,0,f,f,1,v,m,g,u,0.54,24.75,b,-
195,0,g,f,0,f,f,0.25,v,w,p,y,1.25,41.17,b,-
0,0,g,t,0,f,f,0.54,v,d,g,u,1.625,33.08,a,-
1,128,g,f,0,f,f,0.04,h,x,p,y,2.04,29.83,b,-
87,120,g,f,0,f,f,0.125,ff,ff,p,y,0.585,23.58,a,-
17,0,g,t,0,f,f,1.25,h,k,p,y,12.5,26.17,b,-
0,300,g,f,0,f,f,0.085,v,c,g,u,2.085,31,b,-
184,140,g,f,0,f,f,0.29,v,j,p,y,5.085,20.75,b,-
140,220,g,f,0,f,f,0.29,v,c,g,u,0.375,28.92,b,-
0,73,g,t,0,f,f,3.085,bb,i,g,u,6.5,51.92,a,-
0,160,s,f,0,f,f,0.75,v,q,g,u,0.335,22.67,a,-
0,480,g,t,0,f,f,1.085,bb,i,p,y,5.085,34,b,-
0,0,s,f,0,f,f,0,ff,ff,g,u,6,69.5,a,-
18,,g,f,2,t,f,0.165,v,k,p,y,8.125,40.33,a,-
2,2000,g,f,1,t,f,1,v,c,p,y,0.665,19.58,a,-
6,0,g,f,1,t,f,0.085,v,w,g,u,3.125,16,b,-
8,160,g,f,4,t,f,0.335,v,q,g,u,0.25,17.08,b,-
146,176,g,f,5,t,f,0,ff,ff,g,u,2.835,31.25,b,-
22,0,g,f,1,t,f,1.25,v,c,g,u,3,25.17,b,-
0,144,g,f,0,f,f,0.085,v,i,g,u,0.79,22.67,a,-
0,300,s,f,0,f,f,0,bb,i,g,u,1.5,40.58,b,-
55,280,g,t,0,f,f,0.125,v,k,g,u,0.46,22.25,b,-
0,280,g,f,0,f,f,3.25,ff,ff,p,y,1.25,22.25,a,-
70,200,g,f,0,f,f,0.125,v,k,p,y,0.125,22.5,b,-
1,136,g,t,0,f,f,0.54,v,c,g,u,1.79,23.58,b,-
500,225,g,f,2,t,f,0.375,v,c,g,u,0.705,38.42,b,-
60,180,g,t,0,f,f,0,ff,ff,p,y,2.54,26.58,a,-
0,210,g,t,0,f,f,1,v,i,g,u,2.5,35,b,-
7,108,g,f,0,f,f,1.5,v,q,g,u,1.085,20.42,b,-
0,200,g,f,0,f,f,1.75,v,w,g,u,1.25,29.42,b,-
0,100,g,f,0,f,f,1.165,v,cc,g,u,0.835,26.17,b,-
0,120,p,f,0,f,f,1.5,v,c,g,u,2.165,33.67,b,-
0,110,g,f,0,f,f,0.25,v,c,g,u,1.25,24.58,b,-
50,180,g,t,0,f,f,0.25,v,w,g,u,2.04,27.67,a,-
5,120,g,f,0,f,f,0.04,v,e,g,u,0.835,37.5,b,-
3,200,g,f,0,f,f,0.29,ff,ff,g,u,2.29,49.17,b,-
0,180,g,f,0,f,f,0.085,v,cc,p,y,0.335,33.58,b,-
4,180,g,f,0,f,f,1.5,ff,ff,p,y,3,51.83,b,-
1058,160,g,f,0,f,f,0.165,v,c,p,y,3.165,22.92,b,-
0,356,g,t,0,f,f,0.085,v,k,g,u,1.54,21.83,b,-
0,200,g,f,0,f,f,0.5,v,aa,g,u,1,25.25,b,-
0,320,g,t,0,f,f,2.415,v,c,g,u,2.71,58.58,b,-
1,45,g,f,4,t,f,0,ff,ff,p,y,0,19,b,-
769,350,g,f,3,t,f,0,ff,ff,g,u,0.585,19.58,b,-
27,62,s,t,0,f,f,0,ff,ff,g,u,0.165,53.33,a,-
300,92,g,f,1,t,f,0,ff,ff,g,u,1.25,27.17,a,-
3,174,g,t,2,t,f,0.375,v,k,g,u,0.875,25.92,b,-
0,0,s,f,11,t,f,1,v,k,g,u,0,23.08,b,-
1,17,g,f,2,t,f,0,ff,ff,g,u,5,39.58,b,-
0,80,s,t,0,f,f,0.125,v,m,p,y,2.71,30.58,b,-
40,160,g,t,0,f,f,0.04,v,k,g,u,3,17.25,b,-
0,86,g,f,0,f,f,0,ff,j,p,y,0,17.67,a,-
5200,,g,f,0,f,f,0,ff,ff,g,u,11.25,,a,-
0,132,g,f,0,f,f,0.165,v,c,g,u,0.125,16.5,b,-
1,340,g,f,0,f,f,0,ff,ff,g,u,1.665,27.33,a,-
19,96,g,f,1,t,f,0,ff,ff,g,u,1.125,31.25,b,-
0,0,g,f,0,f,f,0.5,v,c,g,u,7,20,b,-
1,0,g,f,0,f,f,7,bb,i,p,y,3,,b,-
316,0,g,f,0,f,f,1.5,v,c,g,u,1.625,39.5,b,-
50,454,g,f,0,f,f,3.5,v,q,g,u,4.25,36.5,b,-
0,300,g,t,0,f,f,0.25,v,w,g,u,0.665,29.75,,-
350,0,g,t,0,f,f,3.75,v,d,g,u,1.5,52.42,b,-
3552,320,g,f,0,f,f,0.085,v,w,g,u,18.125,36.17,b,-
0,,p,f,0,f,f,0,,,,,0,34.58,b,-
0,240,g,f,0,f,f,0.04,v,c,p,y,0.75,29.67,b,-
687,210,g,f,0,f,f,5,bb,i,g,u,5.5,36.17,b,-
0,160,g,t,0,f,f,1.5,v,c,p,y,0.29,25.67,b,-
0,120,g,f,0,f,f,0,v,c,p,y,2.415,24.5,a,-
1950,254,g,f,4,t,f,0.085,v,m,g,u,0.875,24.08,b,-
0,360,g,f,0,f,f,0.125,v,c,g,u,0.5,21.92,b,-
18,200,g,f,10,t,f,0,ff,ff,g,u,0.29,36.58,a,-
53,200,g,f,1,t,f,0,j,j,g,u,1.835,23,a,-
10,280,g,t,1,t,f,2.79,v,m,g,u,3,27.58,a,-
41,160,g,t,2,t,f,2.5,v,c,g,u,3.085,31.08,b,-
33,0,g,f,3,t,f,0.04,h,w,g,u,1.375,30.42,a,-
0,180,g,f,0,f,f,0.75,v,k,g,u,2.335,22.08,b,-
0,120,g,t,0,f,f,0.415,h,i,g,u,4.085,16.33,b,-
5,320,g,f,0,f,f,0.085,h,k,g,u,11.665,21.92,a,-
100,140,g,f,0,f,f,0.04,h,i,p,y,4.125,21.08,b,-
100,60,g,f,0,f,f,0.125,v,i,g,u,6.5,17.42,b,-
1000,360,g,t,0,f,f,1,v,i,p,y,4,19.17,b,-
44,0,g,f,0,f,f,0.125,v,c,g,u,0.415,20.67,b,-
0,80,g,t,0,f,f,0.75,v,d,g,u,2,26.75,b,-
5,220,g,t,0,f,f,0.085,h,i,g,u,0.835,23.58,b,-
0,200,s,t,0,f,f,10,h,i,p,y,2.5,39.17,b,-
0,0,g,f,0,f,f,0.415,v,i,g,u,11.5,22.75,b,-
0,80,s,f,0,f,f,0.085,,,p,y,2.71,26.5,,-
35,240,g,t,6,t,f,0.165,v,i,g,u,0.5,16.92,a,-
80,280,g,t,1,t,f,0.415,v,k,p,y,3.165,23.5,b,-
10,0,g,t,10,t,f,1.75,v,aa,g,u,9.5,17.33,a,-
6,128,g,f,2,t,f,0.04,v,c,p,y,0.415,23.75,b,-
0,28,s,f,0,f,f,1.165,v,m,g,u,1.08,34.67,b,-
351,0,g,f,2,t,f,0.04,ff,ff,p,y,19,74.83,b,-
2100,216,g,f,0,f,f,0.085,v,k,p,y,0.125,28.17,b,-
475,120,g,t,0,f,f,0.04,v,aa,p,y,13.335,24.5,b,-
1,180,g,t,0,f,f,0,ff,ff,p,y,3.54,18.83,b,-
0,263,g,t,0,f,f,0.125,v,q,g,u,1,45.33,,-
892,333,g,f,1,t,t,2.75,h,q,g,u,0.75,47.25,a,+
2000,520,g,t,2,t,t,4.625,v,q,g,u,0.875,24.17,b,+
4607,240,g,f,14,t,t,6.5,v,m,g,u,9.5,39.25,b,+
0,340,g,f,0,f,t,6,h,c,g,u,11.835,20.5,a,+
0,240,g,f,0,f,t,3,h,c,p,y,4.415,18.83,a,+
2206,120,g,f,0,f,t,1.5,v,w,g,u,9.5,19.17,b,+
5860,160,g,t,0,f,t,1.04,h,x,g,u,0.875,25,a,+
28,40,g,t,3,t,t,1.665,v,c,g,u,9.25,20.17,b,+
0,312,g,t,5,t,t,1.46,v,c,g,u,0.5,25.75,b,+
1391,200,g,f,3,t,t,1.625,v,c,g,u,7,20.42,b,+
2279,290,g,t,3,t,t,5,v,x,g,u,4,,b,+
0,0,g,t,10,t,t,3.5,v,cc,g,u,5,39,b,+
100,232,g,f,1,t,t,0,ff,ff,g,u,0.165,64.08,a,+
7,420,g,f,2,t,t,4.75,v,x,g,u,5.125,28.25,b,+
0,371,g,t,1,t,t,1.085,v,c,g,u,3.75,28.75,a,+
5000,0,g,f,16,t,t,7,v,c,g,u,19.5,31.33,b,+
591,88,g,f,2,t,t,0.75,v,aa,g,u,9,18.92,a,+
500,0,g,f,19,t,t,1.835,h,q,g,u,3,24.75,a,+
19,220,g,f,1,t,t,2,v,c,g,u,12,30.67,a,+
300,80,g,t,1,t,t,2.25,v,w,p,y,4.79,21,b,+
1000,120,g,t,2,t,t,1.75,v,w,p,y,4,13.75,b,+
960,100,g,f,0,f,t,0,j,j,g,u,4,46,a,+
0,0,g,f,0,f,t,2.5,v,c,g,u,0,44.33,a,+
0,0,g,f,0,f,t,0,dd,e,g,u,9.96,20.25,b,+
0,0,g,f,0,f,t,2.585,h,c,p,y,2.54,22.67,b,+
0,0,g,f,0,f,t,6.5,v,x,g,u,10.5,,b,+
99,0,g,f,4,t,t,4,v,aa,g,u,5,60.92,a,+
690,352,g,t,5,t,t,1.75,v,c,g,u,0.75,16.08,b,+
0,80,g,f,4,t,t,0.585,v,q,g,u,0.375,28.17,a,+
0,480,g,t,5,t,t,0.125,v,x,g,u,1.71,39.17,b,+
234,160,g,f,1,t,t,1.5,v,k,g,u,7.5,20.42,,+
500,99,g,t,5,t,t,2.25,dd,e,g,u,5.29,30,a,+
800,260,g,f,1,t,t,1.29,v,m,g,u,3,22.83,b,+
990,80,g,f,10,t,t,1.75,v,q,g,u,8.5,22.5,a,-
0,440,g,t,0,f,t,2.415,v,q,g,u,1.665,28.58,a,-
0,140,g,t,0,f,t,2.5,v,c,g,u,1.5,45.17,b,-
0,160,g,f,0,f,t,0.21,v,k,g,u,1.75,41.58,b,-
2197,252,g,t,0,f,t,1,bb,i,g,u,0.335,57.08,a,-
50,100,g,t,3,t,t,6.75,h,k,g,u,7.08,55.75,a,-
90,760,g,f,1,t,t,0.21,h,q,g,u,25.21,43.25,b,-
1,360,g,t,0,f,t,2.75,h,c,g,u,2.085,25.33,a,-
0,400,g,f,0,f,t,1.75,h,aa,g,u,0.67,24.58,a,-
0,560,g,f,0,f,t,0.75,bb,i,g,u,2.25,43.17,b,-
1,130,g,f,0,f,t,0,ff,ff,g,u,0.835,40.92,b,-
0,523,g,t,0,f,t,7.5,v,aa,g,u,2.5,31.83,b,-
0,320,g,f,0,f,t,0,ff,ff,p,y,1.585,33.92,a,-
0,80,g,f,0,f,t,0,ff,ff,g,u,1.25,24.92,a,-
0,680,g,t,0,f,t,3.75,h,x,g,u,3.165,35.25,b,-
0,163,g,t,0,f,t,0.25,bb,w,g,u,1.75,34.25,b,-
340,0,g,f,0,f,t,0.54,,,g,u,5.5,80.25,b,-
20,100,g,t,0,f,t,2,v,cc,p,y,1.5,19.42,b,-
200,0,g,f,0,f,t,1,bb,i,g,u,3,42.75,b,-
0,140,g,t,0,f,t,0.835,h,k,p,y,10,19.67,b,-
0,200,g,t,0,f,t,1.165,v,w,g,u,3.79,36.33,b,-
28,132,g,t,10,t,t,0.5,bb,i,p,y,1.04,30.08,b,-
0,0,s,f,0,f,t,1.5,v,d,p,y,11,44.25,b,-
347,208,g,t,6,t,t,2.625,v,w,p,y,0.46,23.58,b,-
327,200,g,f,6,t,t,1.875,h,d,g,u,1.5,23.92,b,+
4071,340,g,t,7,t,t,0.75,v,x,g,u,1,33.17,b,+
0,110,s,f,0,f,t,16,v,m,g,u,12,48.33,b,+
109,0,g,t,1,t,t,12.75,z,e,g,u,22.29,76.75,b,+
1249,0,g,f,11,t,t,0,bb,i,g,u,10,51.33,b,+
134,0,g,t,9,t,t,5.375,n,r,g,u,15,34.75,b,+
1344,383,g,f,14,t,t,4,v,w,g,u,3.335,38.58,b,+
321,0,g,f,4,t,t,0.75,h,x,p,y,11.25,22.42,a,+
948,220,g,f,6,t,t,0.21,h,c,g,u,0.42,41.92,b,+
0,330,g,t,2,t,t,7.5,v,w,g,u,4.5,29.58,b,+
2079,120,g,f,16,t,t,1.085,v,w,g,u,1.46,32.17,a,+
3000,0,g,f,0,f,t,0.04,h,x,g,u,0.04,51.42,b,+
2384,140,g,t,7,t,t,2.29,h,q,g,u,2.29,22.83,a,+
458,400,g,f,6,t,t,3.5,h,cc,g,u,12.33,25,a,+
5298,0,g,f,0,f,t,1.25,h,x,g,u,1.125,26.75,b,+
200,422,g,f,0,f,t,1.415,h,c,g,u,1.5,23.33,b,+
0,120,g,t,0,f,t,1.585,h,q,g,u,12.335,24.42,b,+
0,92,g,t,0,f,t,12.75,h,q,g,u,5.04,42.17,b,+
0,100,g,f,0,f,t,0.04,v,aa,g,u,3,20.83,a,+
284,290,g,t,11,t,t,2.125,h,w,g,u,11.5,23.08,b,+
0,360,g,f,0,f,t,0.875,h,x,g,u,2.875,25.17,a,+
162,300,g,t,8,t,t,0.375,v,c,p,y,0.375,43.08,b,+
1583,0,g,f,4,t,t,0.75,v,aa,g,u,0.915,35.75,a,+
58,60,g,t,5,t,t,1.75,v,w,g,u,2.75,59.5,b,+
1,160,g,t,8,t,t,1.085,v,d,p,y,3,21,b,+
59,840,g,t,1,t,t,0.04,v,x,p,y,0.54,21.92,b,+
1400,0,g,t,11,t,t,0,ff,ff,g,u,14,65.17,a,+
1465,50,g,f,4,t,t,1,h,c,g,u,10,20.33,a,+
8000,432,g,t,1,t,t,3.25,h,c,p,y,0.165,32.25,b,+
540,32,g,f,11,t,t,1.75,v,c,g,u,0.5,30.17,b,+
0,0,g,f,3,t,t,1,v,c,g,u,6,25.17,b,+
4700,186,g,f,10,t,t,1.5,v,c,g,u,1.625,39.17,b,+
1097,108,g,t,5,t,t,1.29,v,m,g,u,6,39.08,b,+
3290,303,g,t,8,t,t,1.335,v,x,g,u,0.83,31.67,b,+
0,560,s,f,1,t,f,0.04,v,e,g,u,0.04,41,b,+
0,225,g,t,0,f,t,0.125,v,m,g,u,4.25,48.5,b,+
0,154,g,t,0,f,t,5.25,h,w,p,y,9,32.67,b,+
13212,0,g,f,0,f,t,0,z,e,p,y,15,28.08,a,+
0,0,g,t,0,f,t,0,ff,ff,g,u,17.75,73.42,b,+
1000,0,g,t,9,t,t,17.5,h,x,g,u,20,64.08,b,+
0,0,g,f,9,t,t,8.5,v,c,g,u,15,51.58,b,+
5777,160,g,t,5,t,t,1,v,c,p,y,1.75,26.67,b,+
5124,96,g,t,7,t,t,0.29,v,c,g,u,0.58,25.33,b,+
1200,330,g,f,8,t,t,3.125,v,cc,g,u,6.5,30.17,b,+
150,312,g,t,3,t,t,4.25,h,c,g,u,0.75,27,b,+
0,,p,f,0,f,f,0,,,,,0,23.17,b,+
6,290,g,t,0,f,f,0.085,v,w,g,u,5.25,34.17,b,+
0,280,g,t,0,f,t,0.085,v,k,g,u,0.21,38.67,b,+
23,349,g,f,0,f,t,0.25,bb,c,g,u,0.75,25.75,b,+
4159,396,g,t,8,t,t,2.375,v,c,g,u,3,46.08,a,+
918,80,g,f,3,t,t,2.5,v,aa,g,u,6,21.5,a,+
768,240,g,f,1,t,f,1,v,q,g,u,0.125,20.08,,+
3000,200,g,t,11,t,t,2,v,c,g,u,2.415,20.5,b,+
500,380,g,f,4,t,t,0.54,v,k,g,u,0.46,29.5,a,+
1,150,g,t,0,f,f,0,,,p,y,1.75,42.25,,-
0,224,g,f,0,f,f,0.25,v,k,p,y,1.25,29.83,b,-
0,200,g,f,0,f,f,0.125,v,q,g,u,0.25,20.08,b,-
0,180,g,f,0,f,t,0.085,h,c,g,u,0.585,23.42,b,-
0,280,g,t,0,f,f,1.25,v,k,p,y,1.75,29.58,a,-
0,0,g,f,0,f,f,0.04,v,c,g,u,0.04,16.17,b,+
0,232,g,t,0,f,f,0.5,v,k,g,u,3.5,32.33,b,-
0,460,g,t,0,f,f,4.25,v,d,p,y,0.04,,b,-
0,520,g,t,0,f,f,0.085,bb,x,g,u,4.165,47.83,b,-
4,140,g,f,0,f,f,0.125,v,k,p,y,1.25,20,b,-
1,369,g,t,2,t,f,5.085,h,q,p,y,3.25,27.58,b,-
283,420,g,f,1,t,f,0.29,v,w,g,u,0.79,22,b,-
7,200,g,t,2,t,f,0.585,bb,c,g,u,10.915,19.33,b,-
0,160,g,f,0,f,f,0.125,v,c,g,u,4.415,38.33,a,-
108,400,g,t,2,t,f,0.25,h,c,g,u,1.25,29.42,b,-
9,400,g,t,1,t,f,1.585,v,i,g,u,0.75,22.67,b,-
1,160,g,f,2,t,f,0,ff,ff,p,y,14,32.25,b,-
68,460,g,t,1,t,f,2,v,m,g,u,4.75,29.58,b,-
375,120,g,f,0,f,t,0.125,v,aa,p,y,10.415,18.42,b,-
10,160,g,f,0,f,f,0.125,v,i,g,u,2.25,22.17,b,-
0,0,s,t,0,f,f,2.25,j,c,g,u,0.165,22.67,b,+
0,,p,f,0,f,f,0,,,,,0,25.58,a,+
1,160,g,f,0,f,f,0.665,v,q,g,u,0,18.83,b,-
0,160,g,f,0,f,f,0.665,v,cc,p,y,0.79,21.58,b,-
0,80,s,f,0,f,f,2.085,v,c,g,u,12,23.75,b,-
0,,g,t,0,f,f,0.165,bb,i,p,y,7.835,22,b,-
1000,0,g,f,0,f,f,0,ff,ff,g,u,2.54,36.08,b,-
0,228,g,f,0,f,f,0.5,h,d,g,u,13,29.25,b,-
5,220,g,f,0,f,f,1.665,v,w,g,u,0.665,19.58,a,-
809,120,g,t,0,f,f,0.25,v,q,g,u,1.25,22.92,a,-
108,272,g,t,1,t,f,0.125,h,m,g,u,0.29,27.25,a,-
0,76,g,f,0,f,f,0,ff,ff,g,u,1.5,38.75,a,-
0,120,g,f,0,f,f,0,ff,k,p,y,2.165,32.42,b,-
4,240,g,t,1,t,f,0.25,v,w,g,u,0.71,23.75,a,-
587,160,g,t,2,t,f,0.96,n,c,g,u,2.46,18.17,b,-
0,130,g,t,0,f,f,0.5,v,m,p,y,0.5,40.92,b,-
350,80,g,f,0,f,f,0.79,v,aa,g,u,9.585,19.5,b,-
0,100,g,t,0,f,f,0.25,v,aa,g,u,3.625,28.58,b,-
0,231,g,t,0,f,f,1.5,v,k,g,u,0.75,35.58,b,-
200,232,g,t,0,f,f,2.5,bb,i,g,u,2.75,34.17,b,-
141,200,g,t,0,f,f,3.5,v,cc,p,y,2.25,33.17,,-
0,320,g,t,0,f,f,3.5,v,aa,p,y,0.75,31.58,b,-
0,0,g,f,0,f,f,3,h,aa,g,u,7,52.5,a,-
2,309,g,t,0,f,f,0.29,v,w,p,y,0.42,36.17,b,-
501,0,g,t,0,f,f,0.165,v,cc,g,u,2.665,37.33,b,-
351,0,g,f,0,f,f,0.165,v,c,g,u,8.5,20.83,a,-
0,0,g,t,0,f,f,0.25,v,aa,g,u,9,24.08,b,-
0,340,g,t,0,f,f,3.5,h,k,g,u,0.335,25.58,b,-
200,0,g,f,6,t,f,0,ff,ff,g,u,3.75,35.17,a,-
2,100,g,f,0,f,f,1,bb,i,g,u,3.75,48.08,b,-
160,0,g,t,1,t,f,0.125,v,q,g,u,7.625,15.83,a,-
0,144,s,t,0,f,f,0.335,v,i,g,u,0.415,22.5,a,-
68,100,g,t,0,f,t,0.5,v,i,g,u,11.5,21.5,b,-
11,200,g,t,1,t,f,0.415,v,q,g,u,0.83,23.58,a,-
0,0,g,f,0,f,f,0,ff,ff,p,y,5,21.08,a,-
21,416,g,t,1,t,f,2.29,h,c,g,u,3.25,25.67,b,-
390,0,g,f,0,f,f,0.25,v,aa,g,u,1.665,38.92,a,-
18,120,g,f,0,f,f,1,v,c,g,u,0.375,15.75,a,-
154,40,g,t,1,t,f,0.25,v,c,g,u,3.75,28.58,a,-
0,0,g,f,0,f,f,0.085,v,aa,g,u,9,22.25,b,-
0,216,g,f,0,f,f,0.165,v,c,g,u,3.5,29.83,b,-
0,160,g,t,0,f,f,0.875,v,w,g,u,1.5,23.5,a,-
0,120,g,t,0,f,f,1.5,v,cc,p,y,4,32.08,b,-
0,160,s,f,0,f,f,0.04,v,w,p,y,1.5,31.08,b,-
0,0,g,f,0,f,f,0.04,v,m,p,y,0.04,31.83,b,-
0,180,g,t,0,f,f,0.25,v,c,g,u,11.75,21.75,a,-
5,80,g,t,1,t,f,1.75,v,c,g,u,0.54,17.92,a,-
0,252,s,t,0,f,f,0.085,h,d,g,u,0.5,30.33,b,-
1,120,g,f,0,f,f,1.5,ff,ff,p,y,2.04,51.83,b,-
150,465,g,f,0,f,f,5.5,v,w,g,u,5.835,47.17,b,-
2,0,g,f,0,f,f,0.5,v,cc,g,u,12.835,25.83,b,-
117,240,g,t,0,f,f,0.5,v,aa,g,u,0.835,50.25,a,-
17,256,g,f,0,f,f,2,h,e,p,y,2,29.5,,-
246,260,g,f,0,f,f,0.21,h,i,g,u,2.5,37.33,a,-
237,240,g,f,0,f,f,0.665,v,aa,g,u,1.04,41.58,a,-
3,129,g,t,12,t,f,0.085,h,q,g,u,10.665,30.58,a,-
1,100,g,f,1,t,f,0.04,v,m,g,u,7.25,19.42,b,-
50,0,g,f,0,f,f,0,ff,ff,g,u,10.21,17.92,a,-
0,0,g,f,0,f,f,0,v,c,g,u,1.25,20.08,a,-
364,280,g,f,0,f,f,0.29,v,k,g,u,0.29,19.5,b,-
537,176,g,f,0,f,f,3,h,d,p,y,1,27.83,b,-
2,140,g,t,0,f,f,0.335,v,i,g,u,3.29,17.08,b,-
3,240,g,f,0,f,f,0.585,v,d,p,y,0.75,36.42,b,-
0,400,s,t,0,f,f,3.5,v,m,g,u,3.29,40.58,b,-
0,260,g,f,0,f,f,1.25,h,e,p,y,10.085,21.08,b,-
394,200,g,t,2,t,f,2,v,c,g,u,0.75,22.67,a,-
1,200,g,t,1,t,f,2,ff,ff,p,y,13.5,25.25,a,-
750,280,g,f,0,f,f,0.04,v,aa,g,u,0.205,17.92,b,-
0,0,g,t,0,f,f,8.29,h,c,g,u,3.375,35,b,-
